{
  "Apple": {
    "correlation": {
      "global": 0.12725439982629666,
      "7d": 0.27705100114894676,
      "15d": 0.17128689241965872
    },
    "volatility": {
      "global": 0.8691156724385349,
      "7d": 1.0931102306125846,
      "15d": 0.7948921101635931
    },
    "by_source": {
      "google": {
        "corr_global": 0.402537554171769,
        "corr_7d": 0.7073051769208701,
        "corr_15d": 0.3791511589369576,
        "vol_global": 0.9085405888904887,
        "vol_7d": 1.0931102306125846,
        "vol_15d": 0.8350590039543312
      },
      "reddit": {
        "corr_global": 0.26781341958192717,
        "corr_7d": 0.6477470297982949,
        "corr_15d": 0.3210406057353651,
        "vol_global": 0.9076911398768694,
        "vol_7d": 1.0931102306125846,
        "vol_15d": 0.8447346145189089
      },
      "news media": {
        "corr_global": 0.0,
        "corr_7d": 0.0,
        "corr_15d": 0.0,
        "vol_global": 0.794764210222223,
        "vol_7d": 0.794764210222223,
        "vol_15d": 0.794764210222223
      }
    }
  },
  "Microsoft": {
    "correlation": {
      "global": -0.3366562061026366,
      "7d": -0.45652858198909146,
      "15d": -0.37730665511598355
    },
    "volatility": {
      "global": 1.4562942507723986,
      "7d": 1.4961717581120595,
      "15d": 1.5996760125330216
    },
    "by_source": {
      "google": {
        "corr_global": 0.1547270485704698,
        "corr_7d": -0.7567064409383284,
        "corr_15d": 0.3031554850275412,
        "vol_global": 1.5473768108119201,
        "vol_7d": 1.6679053565988073,
        "vol_15d": 1.577132851364076
      },
      "reddit": {
        "corr_global": -0.08569519974501028,
        "corr_7d": 0.15033928975877586,
        "corr_15d": -0.1042688627875975,
        "vol_global": 1.5158598246357018,
        "vol_7d": 1.7858007044003406,
        "vol_15d": 1.6102674359664586
      },
      "news media": {
        "corr_global": 0.0,
        "corr_7d": 0.0,
        "corr_15d": 0.0,
        "vol_global": 1.5148857562466829,
        "vol_7d": 1.5148857562466829,
        "vol_15d": 1.5148857562466829
      }
    }
  },
  "Amazon": {
    "correlation": {
      "global": 0.007201478873552399,
      "7d": -0.14501615975073776,
      "15d": -0.024003259173634384
    },
    "volatility": {
      "global": 1.0652029474125022,
      "7d": 1.4988651212505055,
      "15d": 1.1211970955406476
    },
    "by_source": {
      "google": {
        "corr_global": -0.23126403205713478,
        "corr_7d": -0.23293199210535065,
        "corr_15d": -0.23126403205713478,
        "vol_global": 1.0916725344311573,
        "vol_7d": 1.4988651212505055,
        "vol_15d": 1.0916725344311573
      },
      "reddit": {
        "corr_global": -0.050842066314300646,
        "corr_7d": -0.21057738242437224,
        "corr_15d": -0.009860306163180075,
        "vol_global": 1.0448856700062077,
        "vol_7d": 1.32550470484316,
        "vol_15d": 1.0873204780583028
      },
      "news media": {
        "corr_global": 0.0,
        "corr_7d": 0.0,
        "corr_15d": 0.0,
        "vol_global": 0.9214819970726623,
        "vol_7d": 0.9214819970726623,
        "vol_15d": 0.9214819970726623
      }
    }
  },
  "Alphabet (Google)": {
    "correlation": {
      "global": -0.3227082518843121,
      "7d": -0.3240754580424222,
      "15d": -0.2932344073521765
    },
    "volatility": {
      "global": 1.104301399535028,
      "7d": 1.226664355850626,
      "15d": 1.18276633124842
    },
    "by_source": {
      "google": {
        "corr_global": -0.06529874122526484,
        "corr_7d": -0.033470331309314295,
        "corr_15d": -0.03500527545258909,
        "vol_global": 1.1792087045026225,
        "vol_7d": 1.2086090612815696,
        "vol_15d": 1.2158012582544295
      },
      "reddit": {
        "corr_global": -0.45319712389203837,
        "corr_7d": -0.4661752843225496,
        "corr_15d": -0.45319712389203837,
        "vol_global": 1.0077680387938301,
        "vol_7d": 1.0367361628159366,
        "vol_15d": 1.0077680387938301
      }
    }
  },
  "Tesla": {
    "correlation": {
      "global": 0.10532562648437938,
      "7d": 0.1237499694813315,
      "15d": 0.08798768647121794
    },
    "volatility": {
      "global": 3.9127332108200474,
      "7d": 4.125835691878386,
      "15d": 4.184624601731665
    },
    "by_source": {
      "google": {
        "corr_global": 0.17642959919624876,
        "corr_7d": 0.03670284558265408,
        "corr_15d": 0.17642959919624876,
        "vol_global": 4.002548968660869,
        "vol_7d": 4.125835691878386,
        "vol_15d": 4.002548968660869
      },
      "reddit": {
        "corr_global": -0.05074635395155598,
        "corr_7d": -0.6426649233106103,
        "corr_15d": -0.05074635395155598,
        "vol_global": 4.227698932396586,
        "vol_7d": 4.125835691878386,
        "vol_15d": 4.227698932396586
      },
      "news media": {
        "corr_global": 0.0,
        "corr_7d": 0.0,
        "corr_15d": 0.0,
        "vol_global": 2.441358658868471,
        "vol_7d": 2.441358658868471,
        "vol_15d": 2.441358658868471
      }
    }
  },
  "LVMH": {
    "correlation": {
      "global": 0.16429211611930084,
      "7d": 0.04906828528148926,
      "15d": 0.16429211611930084
    },
    "volatility": {
      "global": 3.350434448439841,
      "7d": 3.650662362670169,
      "15d": 3.350434448439841
    },
    "by_source": {
      "google": {
        "corr_global": 0.16429211611930084,
        "corr_7d": 0.04906828528148926,
        "corr_15d": 0.16429211611930084,
        "vol_global": 3.350434448439841,
        "vol_7d": 3.650662362670169,
        "vol_15d": 3.350434448439841
      }
    }
  },
  "TotalEnergies": {
    "correlation": {
      "global": 0.0274649821073927,
      "7d": -0.15777641202218862,
      "15d": 0.21627192537249437
    },
    "volatility": {
      "global": 0.193484550601052,
      "7d": 0.1592208555971876,
      "15d": 0.1798268550185376
    },
    "by_source": {
      "google": {
        "corr_global": -0.04832930131569579,
        "corr_7d": 0.002990882980241985,
        "corr_15d": 0.034463704748980556,
        "vol_global": 0.19861195008343893,
        "vol_7d": 0.1592208555971876,
        "vol_15d": 0.18420331266749912
      },
      "news media": {
        "corr_global": 0.46863829878684987,
        "corr_7d": 0.4680828331090964,
        "corr_15d": 0.46863829878684987,
        "vol_global": 0.17201429912011984,
        "vol_7d": 0.17505022351696278,
        "vol_15d": 0.17201429912011984
      }
    }
  },
  "Sanofi": {
    "correlation": {
      "global": 0.2695652421977728,
      "7d": -0.6029648470221058,
      "15d": 0.08002403231076992
    },
    "volatility": {
      "global": 0.31256285957176466,
      "7d": 0.3018934785769978,
      "15d": 0.33376446676971455
    },
    "by_source": {
      "google": {
        "corr_global": 0.09113969391507089,
        "corr_7d": -0.19910482409373345,
        "corr_15d": 0.09113969391507089,
        "vol_global": 0.2775694795251436,
        "vol_7d": 0.3194266766732618,
        "vol_15d": 0.2775694795251436
      },
      "news media": {
        "corr_global": 0.1134115614603152,
        "corr_7d": 0.5820316531391361,
        "corr_15d": 0.1134115614603152,
        "vol_global": 0.34288696715555406,
        "vol_7d": 0.2712606272863653,
        "vol_15d": 0.34288696715555406
      }
    }
  },
  "Airbus": {
    "correlation": {
      "global": -0.5605477767710031,
      "7d": -0.7679839802663172,
      "15d": -0.5605477767710031
    },
    "volatility": {
      "global": 0.6547765457177799,
      "7d": 0.7663142374278974,
      "15d": 0.6547765457177799
    },
    "by_source": {
      "google": {
        "corr_global": -0.13349595276429807,
        "corr_7d": 0.18762102682064835,
        "corr_15d": -0.13349595276429807,
        "vol_global": 0.6680226840651883,
        "vol_7d": 0.7933437741474221,
        "vol_15d": 0.6680226840651883
      },